horizon,state,objective,status,w_E1,w_E2,w_E3,w_E4,w_E5,w_E6,model
1,global,mse,ok,0.03610548348871228,0.09415005215577008,5.488773498207866e-18,0.2711959884183224,0.4690195529171153,0.12952892302008,full
1,normal,mse,ok,0.03552151079755318,0.0919961465376074,7.229426204815453e-19,0.2723934041654537,0.4708390203393958,0.12924991815998996,full
1,shock,mse,ok,0.04021928024055527,0.09971172838005028,0.005533458097599344,0.2651512979066571,0.4625607147402797,0.12682352063485833,full
1,recovery,mse,ok,0.035206426374011786,0.09527362052663862,0.0010211978431454564,0.2706219866839958,0.46747678542935966,0.1303999831428487,full
2,global,mse,ok,0.0,1.0299920638612292e-18,0.0,0.4056977377847756,0.25358517949398623,0.34071708272123824,full
2,normal,mse,ok,4.2521053952165877e-19,0.0,4.0284886971414524e-18,0.4065177287951352,0.25381621768315715,0.33966605352170764,full
2,shock,mse,ok,0.011471112297852379,0.0071065617937332015,0.0038888282197986107,0.392039204889006,0.25308098671674,0.33241330608286973,full
2,recovery,mse,ok,0.0,0.002159567452235441,0.0021309602375440316,0.4049485139231473,0.24947931555221523,0.341281642834858,full
3,global,mse,ok,3.384743657228184e-18,0.00708223156676715,4.570589783384205e-18,0.3306317639482137,0.25112832988891465,0.41115767459610464,full
3,normal,mse,ok,0.0,0.002474425152151875,1.835308638463255e-18,0.33058590185411785,0.2544376455555486,0.4125020274381816,full
3,shock,mse,ok,6.98474218441955e-05,0.021882114567769017,0.011730366120075933,0.32214197711484394,0.24646123935084108,0.3977144554246259,full
3,recovery,mse,ok,0.0,0.009172036981367562,0.0,0.3325602345583803,0.24615161809059008,0.41211611036966217,full
6,global,mse,ok,0.0,6.667843360785852e-18,0.009936437203465594,0.30675777601783255,0.2750048398930201,0.4083009468856817,full
6,normal,mse,ok,8.258571235729428e-19,0.0,0.004431613247888563,0.30760749378675106,0.28075813511899156,0.40720275784636883,full
6,shock,mse,ok,0.013114189000797407,0.01684008886049004,0.02782930453424978,0.2833972538307949,0.24420632187770497,0.414612841895963,full
6,recovery,mse,ok,0.0,0.00125916634194619,0.010245983614029962,0.3105903702268113,0.2725304783474922,0.40537400146972036,full
1,global,mse,ok,0.03870774660881573,,0.08415234496320252,0.272615533915173,0.4719404146360306,0.13258395987677818,minus_E2
1,normal,mse,ok,0.03817079835734694,,0.08182483718235499,0.273816685183967,0.4738308283454939,0.13235685093083718,minus_E2
1,shock,mse,ok,0.04367748385906381,,0.09134210418706613,0.2674364282939375,0.46666257706367514,0.13088140659625747,minus_E2
1,recovery,mse,ok,0.03797220822507227,,0.08569703609853595,0.2722997678227227,0.47043736236967143,0.1335936254839977,minus_E2
2,global,mse,ok,1.3152727604964776e-17,,3.1238575094738597e-18,0.40569773364562217,0.25358518640372857,0.3407170799506492,minus_E2
2,normal,mse,ok,1.810956441229694e-18,,1.009663273127126e-18,0.4065177244850282,0.25381622466248305,0.3396660508524887,minus_E2
2,shock,mse,ok,0.01277908041744983,,0.005721464957976035,0.39333982096320574,0.2543922349377407,0.33376739872362765,minus_E2
2,recovery,mse,ok,0.00023752928834251224,,0.0027701367845817397,0.4053816910315351,0.249894015697628,0.3417166271979127,minus_E2
3,global,mse,ok,0.0,,0.0014666685708392881,0.3332153792329211,0.25237431964499757,0.41294363255124206,minus_E2
3,normal,mse,ok,1.2527617289891102e-18,,0.0,0.3321136533724652,0.2546580030293272,0.4132283435982077,minus_E2
3,shock,mse,ok,0.0027122304206977192,,0.018312004427978007,0.3270294652944781,0.25003756684151457,0.40190873301533164,minus_E2
3,recovery,mse,ok,0.0,,0.002722618604255319,0.3354336432042967,0.2476164551390869,0.4142272830523612,minus_E2
6,global,mse,ok,0.0,,0.009951770560797704,0.30671984389110823,0.2750151178963383,0.40831326765175585,minus_E2
6,normal,mse,ok,4.852651754819886e-18,,0.004445332411289495,0.3075711787333799,0.2807688319138943,0.4072146569414362,minus_E2
6,shock,mse,ok,0.016258441218163288,,0.032831865194894526,0.2862322958997308,0.2471723162771732,0.4175050814100382,minus_E2
6,recovery,mse,ok,0.0,,0.010684450275385773,0.3108473788692405,0.27280640896843705,0.40566176188693676,minus_E2
1,global,mse,ok,0.0361301970535986,0.09415274557040414,,0.27122068870122185,0.46903400113631155,0.12946236753846402,minus_E3
1,normal,mse,ok,0.03554570401213708,0.09199902725256232,,0.27241716396548527,0.47085352739204034,0.12918457737777503,minus_E3
1,shock,mse,ok,0.041288313705796324,0.1009903116893376,,0.26625370099284146,0.4636205252626441,0.12784714834938055,minus_E3
1,recovery,mse,ok,0.035417041421604435,0.09551597052931737,,0.27084151685650737,0.4676944749436051,0.13053099624896577,minus_E3
2,global,mse,ok,1.463672932855431e-18,3.0086610286472748e-18,,0.4056977522122974,0.2535851701217004,0.34071707766600223,minus_E3
2,normal,mse,ok,2.066760391300493e-18,1.5449880957918438e-18,,0.4065177425894879,0.25381620862044035,0.3396660487900718,minus_E3
2,shock,mse,ok,0.012191520983313595,0.008101647766382728,,0.3927618684793458,0.2537894929142296,0.3331554698567284,minus_E3
2,recovery,mse,ok,0.00023392269951685217,0.0027946722259440293,,0.405372127489467,0.24988744198538893,0.3417118355996832,minus_E3
3,global,mse,ok,0.0,0.007081652667266225,,0.33063192857348844,0.25112226083118566,0.4111641579280597,minus_E3
3,normal,mse,ok,6.793204236979489e-19,0.0024739793868710823,,0.33058608008839335,0.2544317388605055,0.4125082016642301,minus_E3
3,shock,mse,ok,0.0021989545241932,0.025345969834661388,,0.3241718197054326,0.24850804512487623,0.39977521081083667,minus_E3
3,recovery,mse,ok,2.1091120386632078e-19,0.009171477457756594,,0.33256044596474343,0.2461458074706804,0.41212226910681965,minus_E3
6,global,mse,ok,0.0,0.00699467858601838,,0.3090875295241918,0.2744073910863952,0.4095104008033946,minus_E3
6,normal,mse,ok,0.0,0.0009391078271419767,,0.3101313596128488,0.28033688276126756,0.40859264979874166,minus_E3
6,shock,mse,ok,0.0167650818528527,0.029418572938698307,,0.2884094556341203,0.24662475692290312,0.4187821326514256,minus_E3
6,recovery,mse,ok,0.0,0.008731547350560746,,0.3128842532587748,0.2718604144258415,0.40652378496482294,minus_E3
1,global,mse,ok,0.07065559712798203,0.13446813452446696,0.0,,0.6092561238084956,0.18562014453905534,minus_E4
1,normal,mse,ok,0.07079795896749275,0.132297167425385,8.898081110906425e-19,,0.6120074016594664,0.1848974719476558,minus_E4
1,shock,mse,ok,0.07096230196848076,0.1392748038320725,0.005720861247266747,,0.5999972609521298,0.18404477200005018,minus_E4
1,recovery,mse,ok,0.06973308341739672,0.13579501477167674,0.000746146438127854,,0.6069916762936841,0.18673407907911466,minus_E4
2,global,mse,ok,0.0,0.032441167279511636,2.1738253558334364e-17,,0.4653473433017163,0.5022114894187721,minus_E4
2,normal,mse,ok,1.8295911660692887e-19,0.028285919269092397,0.0,,0.46829071208650047,0.5034233686444072,minus_E4
2,shock,mse,ok,0.008632831533805693,0.03688811870613529,0.0027832047138296413,,0.46201135138726257,0.48968449365896694,minus_E4
2,recovery,mse,ok,2.2107559923337244e-19,0.035785950693588475,0.002687414009517482,,0.4593641608059301,0.502162474490964,minus_E4
3,global,mse,ok,0.0,0.03896020116501704,0.0,,0.44444374809309534,0.5165960507418877,minus_E4
3,normal,mse,ok,0.0,0.03399099342969454,3.0535537748517527e-19,,0.44829930417543307,0.5177097023948725,minus_E4
3,shock,mse,ok,0.0,0.05147229297301325,0.009084093560827447,,0.4354946530013725,0.5039489604647869,minus_E4
3,recovery,mse,ok,0.0,0.04228308613114973,0.0003802324436814367,,0.43981483955805206,0.5175218418671167,minus_E4
6,global,mse,ok,0.0,0.0,0.06896749261812304,,0.4649047968109526,0.46612771057092445,minus_E4
6,normal,mse,ok,3.3406979439709605e-18,0.0,0.06355606712209941,,0.47195840459147986,0.46448552828642087,minus_E4
6,shock,mse,ok,0.008916655931277715,0.010196443590308912,0.07899509533334327,,0.4285375968387013,0.4733542083063688,minus_E4
6,recovery,mse,ok,0.0,0.0034731142138922904,0.07144807673620215,,0.46163860961288516,0.4634401994370205,minus_E4
1,global,mse,ok,0.0,0.18960510559598737,0.0,0.4718087273895321,,0.3385861670144805,minus_E5
1,normal,mse,ok,0.0,0.1873631518864187,0.0,0.47423534200134093,,0.33840150611224046,minus_E5
1,shock,mse,ok,0.010196104806737688,0.19347304439810306,0.0024492948050179168,0.4623689755239278,,0.33151258046621357,minus_E5
1,recovery,mse,ok,4.900085599866127e-19,0.19019052190610902,0.001362205556896126,0.46899362296079405,,0.3394536495762008,minus_E5
2,global,mse,ok,0.005345730335087373,1.0842021724855044e-19,0.0,0.529306574777543,,0.46534769488736966,minus_E5
2,normal,mse,ok,0.0006594966287524507,2.541098841762901e-19,2.270048298641525e-19,0.5323296773416086,,0.46701082602963895,minus_E5
2,shock,mse,ok,0.01974758079448195,0.008123562893101939,0.004081299705275864,0.5141673194434206,,0.4538802371637196,minus_E5
2,recovery,mse,ok,0.006422790155522183,0.0012183911104637298,0.001227851129438286,0.5269927145218797,,0.46413825308269613,minus_E5
3,global,mse,ok,0.048687138741651224,0.007454216163325013,0.0,0.4632986153222491,,0.4805600297727747,minus_E5
3,normal,mse,ok,0.04792033167619781,0.004496654275784881,7.623296525288703e-20,0.4640382557248191,,0.48354475832319815,minus_E5
3,shock,mse,ok,0.04877310060933908,0.022883460966715754,0.013184315890928265,0.45274600335926385,,0.46241311917375305,minus_E5
3,recovery,mse,ok,0.04904029597908745,0.006469701800384567,2.3928680759933985e-19,0.4643771439283856,,0.48011285829214245,minus_E5
6,global,mse,ok,1.2508982565051507e-17,0.0,0.003852195537049668,0.4563205420256361,,0.5398272624373143,minus_E5
6,normal,mse,ok,0.0,6.827085554869661e-19,0.0,0.45964685189815757,,0.5403531481018424,minus_E5
6,shock,mse,ok,0.00788791119142407,0.015596128431474551,0.020412782506783404,0.420787271562577,,0.535315906307741,minus_E5
6,recovery,mse,ok,1.0164395367051604e-19,0.0006128441758499108,0.0025659423774280423,0.4594968062965486,,0.5373244071501735,minus_E5
1,global,mse,ok,0.07841969983602043,0.11888118270259236,4.755242965885642e-17,0.2867316420749877,0.5159674753863995,,minus_E6
1,normal,mse,ok,0.078067239923091,0.11663510958104435,0.0,0.28745043861494185,0.5178472118809229,,minus_E6
1,shock,mse,ok,0.08065262604744075,0.12427313902221888,0.005568044358527599,0.2814933768945751,0.5080128136772377,,minus_E6
1,recovery,mse,ok,0.07761270225243982,0.12006585189582315,0.0010748256222911647,0.2865448474814046,0.5147017727480413,,minus_E6
2,global,mse,ok,0.057552981783165584,0.02578698347261291,1.0716660848661408e-17,0.5234654153145917,0.39319461942962985,,minus_E6
2,normal,mse,ok,0.053597588429543326,0.02177668203007952,0.0,0.5273053306323915,0.3973203989079857,,minus_E6
2,shock,mse,ok,0.06733450169509958,0.03398457550772476,0.005238138502564958,0.5057954016079377,0.38764738268667304,,minus_E6
2,recovery,mse,ok,0.059999389835682704,0.028489638616831417,0.0029058022170375636,0.5216635057396466,0.38694166359080184,,minus_E6
3,global,mse,ok,0.030854446176094983,0.03583904490277965,2.0481097845931372e-17,0.5061383643855489,0.42716814453557644,,minus_E6
3,normal,mse,ok,0.027303801400486806,0.030082664139897863,0.0,0.5082908247218221,0.43432270973779324,,minus_E6
3,shock,mse,ok,0.03471060141455975,0.050256505594828235,0.010953138836142014,0.49342673910486307,0.41065301504960694,,minus_E6
3,recovery,mse,ok,0.03452519566232195,0.03956234988442268,0.0011498831553968898,0.5053857570834088,0.4193768142144498,,minus_E6
6,global,mse,ok,4.54009659728305e-19,0.016968301826726522,0.04747585833586655,0.3978014104344413,0.5377544294029657,,minus_E6
6,normal,mse,ok,3.5829493668856904e-19,0.01216636000433037,0.0430628198188488,0.39900026302669117,0.5457705571501298,,minus_E6
6,shock,mse,ok,0.030207419732380867,0.03206281238935561,0.06497286017413341,0.3749845480939324,0.4977723596101978,,minus_E6
6,recovery,mse,ok,0.000524167396016046,0.017825355603905906,0.046909789437270186,0.40075044397417775,0.5339902435886301,,minus_E6
