removed_expert,horizon,group,n,cluster_type,clusters,delta_MAE_loo_minus_full,ci95_low,ci95_high
E2,1,overall,6599,7_day_block,40,-0.06616914224801496,-0.1426372581327176,0.021606295268767017
E2,1,normal,3074,7_day_block,38,-0.13346737530202807,-0.21326542868852696,-0.05268450984292016
E2,1,shock,1018,event_cluster,118,0.21948649707658108,-0.12865534618587632,0.5855739661578413
E2,1,recovery,2507,event_cluster,118,-0.0996444802713107,-0.22730037204967046,0.020089776837842
E2,2,overall,6599,7_day_block,41,-0.006444030287480022,-0.02387355034390245,0.012181459632790258
E2,2,normal,3074,7_day_block,39,-3.2870052984102465e-08,-6.539010101236202e-08,-1.5937063520801088e-09
E2,2,shock,1018,event_cluster,118,0.028712874612011753,-0.07110996061287302,0.11907880922697978
E2,2,recovery,2507,event_cluster,118,-0.028621364650804046,-0.04118832879682966,-0.01562348400519166
E2,3,overall,6599,7_day_block,41,-0.07891091048567167,-0.17014675617786099,0.019022581984652794
E2,3,normal,3074,7_day_block,39,-0.08648784809534069,-0.13218690479558776,-0.042729759578357215
E2,3,shock,1018,event_cluster,118,0.17255345717179613,-0.20253221055772355,0.45066251712934846
E2,3,recovery,2507,event_cluster,118,-0.17173070309164673,-0.29848142918976855,-0.05249477368227492
E2,6,overall,6599,7_day_block,41,-0.010172996439393827,-0.048240903438789826,0.032146367318192634
E2,6,normal,3074,7_day_block,39,0.0008795755191587316,0.00044167315440262915,0.001269887248004732
E2,6,shock,1018,event_cluster,118,-0.0366676804515134,-0.32977864211678193,0.24235537228883472
E2,6,recovery,2507,event_cluster,118,-0.012966780993144456,-0.031227810621659847,0.004755297472754091
E3,1,overall,6599,7_day_block,40,0.0021499097510164953,-0.005842144032113029,0.010763024383390904
E3,1,normal,3074,7_day_block,38,-0.0009551673360075919,-0.001178112712360724,-0.0007472055605034217
E3,1,shock,1018,event_cluster,118,0.022951181652499517,-0.024319172658835906,0.06362361028371454
E3,1,recovery,2507,event_cluster,118,-0.002489375382688201,-0.007181359397867743,0.0018809317577400061
E3,2,overall,6599,7_day_block,41,-0.009053929318120841,-0.019738292747236447,0.0011601603249214222
E3,2,normal,3074,7_day_block,39,-1.1222501227107737e-07,-1.708090911665246e-07,-5.6143215727825396e-08
E3,2,shock,1018,event_cluster,118,-0.003314483201450638,-0.054148919840378486,0.037822599157262556
E3,2,recovery,2507,event_cluster,118,-0.022485995489236122,-0.03512685222462099,-0.007129829185399547
E3,3,overall,6599,7_day_block,41,0.01518331248030964,-0.013337671349631637,0.045349659961130016
E3,3,normal,3074,7_day_block,39,9.298417590773517e-05,4.883124848036335e-05,0.00013811028100398589
E3,3,shock,1018,event_cluster,118,0.09781875376437159,-0.08238874556182771,0.27850895471602394
E3,3,recovery,2507,event_cluster,118,0.00013137390055550252,8.43601757853663e-05,0.00017641939743807408
E3,6,overall,6599,7_day_block,41,-0.030444264552560437,-0.11244990359444582,0.05191560974305764
E3,6,normal,3074,7_day_block,39,-0.048984573876033354,-0.13657644885845308,0.04096071979517123
E3,6,shock,1018,event_cluster,118,-0.05246767501521629,-0.5089293537296294,0.39523308709824706
E3,6,recovery,2507,event_cluster,118,0.0012321386031393208,-0.07463985870695804,0.0725037984768572
E4,1,overall,6599,7_day_block,40,5.157321980735039,4.368446435987028,5.929014171593002
E4,1,normal,3074,7_day_block,38,5.600374969953132,4.741097086054599,6.484993627783463
E4,1,shock,1018,event_cluster,118,4.04009692629129,2.0599148627974784,6.084458699696344
E4,1,recovery,2507,event_cluster,118,5.067728927909873,4.045971001559581,6.162519684035166
E4,2,overall,6599,7_day_block,41,9.591332087413056,7.976985559251709,11.346984887893337
E4,2,normal,3074,7_day_block,39,9.125636888169938,7.286680571086279,11.074756178341195
E4,2,shock,1018,event_cluster,118,7.0568748588496755,3.931043533415578,10.036464910053898
E4,2,recovery,2507,event_cluster,118,11.191501413759633,8.229732171625075,14.384493530738853
E4,3,overall,6599,7_day_block,41,7.119458889689704,5.369260435690501,8.616386108311064
E4,3,normal,3074,7_day_block,39,7.258376809580469,5.532077864745774,8.938855226580758
E4,3,shock,1018,event_cluster,118,4.0067109729773565,0.8437613205808088,6.77508616787384
E4,3,recovery,2507,event_cluster,118,8.213094188241344,5.966159268714922,10.438219269825785
E4,6,overall,6599,7_day_block,41,8.20759043420133,6.280835404714207,10.156843817593028
E4,6,normal,3074,7_day_block,39,8.691467440232762,6.361872499427855,10.855454368561364
E4,6,shock,1018,event_cluster,118,2.431679735929172,-2.3020743969513457,6.773165989829259
E4,6,recovery,2507,event_cluster,118,9.959660308274106,7.126380891577277,12.639962600013892
E5,1,overall,6599,7_day_block,40,5.428629421810837,4.277531315072766,6.326874968924665
E5,1,normal,3074,7_day_block,38,6.731724423138083,5.030680138120774,8.587807319794747
E5,1,shock,1018,event_cluster,118,3.571194431163773,0.5308111287196856,7.0878696534299035
E5,1,recovery,2507,event_cluster,118,4.585053349373167,3.2255216572554537,5.893018990004086
E5,2,overall,6599,7_day_block,41,2.8863052670508735,2.2929244619992475,3.568512014041562
E5,2,normal,3074,7_day_block,39,2.93945136115129,1.8116113230309312,4.036514255865694
E5,2,shock,1018,event_cluster,118,3.2851446608775148,1.2597869427044697,5.396510893258277
E5,2,recovery,2507,event_cluster,118,2.6591853643064756,1.6661765448599855,3.7298907436455853
E5,3,overall,6599,7_day_block,41,2.981804433756528,2.103806778522001,3.8774703471260796
E5,3,normal,3074,7_day_block,39,2.9026437251591592,1.8923892646739486,3.82853094643885
E5,3,shock,1018,event_cluster,118,2.9775318955157304,0.6262826465869217,5.414831272783526
E5,3,recovery,2507,event_cluster,118,3.0806035810072054,1.6895871137595821,4.485110710664298
E5,6,overall,6599,7_day_block,41,2.2355881051255295,0.5076961290076161,3.8437932451537082
E5,6,normal,3074,7_day_block,39,1.781646614445261,-0.07080853339520074,3.8694237770719218
E5,6,shock,1018,event_cluster,118,4.420846397301821,0.9116103558477988,8.490226040556598
E5,6,recovery,2507,event_cluster,118,1.904843470468841,-0.4160341616980758,4.059167651261187
E6,1,overall,6599,7_day_block,40,-0.9568120563417656,-1.3062076960509363,-0.6560178702672496
E6,1,normal,3074,7_day_block,38,-0.7970991079739052,-1.2393084200880886,-0.3699398806016722
E6,1,shock,1018,event_cluster,118,-0.5397770317410118,-1.528105077105776,0.3840182899741797
E6,1,recovery,2507,event_cluster,118,-1.3219892634922923,-1.914500797075816,-0.6717749591708387
E6,2,overall,6599,7_day_block,41,-1.4441119375400386,-2.652874341238559,-0.21669159470734048
E6,2,normal,3074,7_day_block,39,-1.6923031957562054,-3.391953727655276,-0.2355147765157571
E6,2,shock,1018,event_cluster,118,0.6133049642765778,-2.5077060237220037,3.4430415107068657
E6,2,recovery,2507,event_cluster,118,-1.975229001079257,-3.7363390007856907,-0.23746232463693442
E6,3,overall,6599,7_day_block,41,-0.8824772804262782,-2.75637402416593,0.8068296563165884
E6,3,normal,3074,7_day_block,39,-1.259193374721021,-3.797860103173624,1.0691637280489854
E6,3,shock,1018,event_cluster,118,3.7681755126659553,0.3489700961120505,7.321828244372539
E6,3,recovery,2507,event_cluster,118,-2.3090186723312858,-5.041277933830086,0.2708630062003248
E6,6,overall,6599,7_day_block,41,1.4752297146544415,-1.2848537394121031,4.05986561560397
E6,6,normal,3074,7_day_block,39,1.6647996302383032,-2.48461794799524,6.1683055281852495
E6,6,shock,1018,event_cluster,118,1.5199204043112362,-3.5732192172974457,7.588208566803721
E6,6,recovery,2507,event_cluster,118,1.2246381539941265,-2.725745276883744,5.303597502190693
